promo_group_id,promo_name,promo_type,start_date,end_date,target_kit_id,target_kit_ids,platform_name,condition_qty,gift_qty,gift_kit_id
G_0001,ROERANCE | 바디미스트,Q_BASED,2024-01-04,2024-01-08,832114998,{832114998},G마켓,2,1,
G_0002,BATHPA | 스크럽바디워시,Q_BASED,2024-01-06,2024-01-08,2397735259,{2397735259},G마켓,2,1,
G_0003,BATHPA | 바스솔트,PRICE_ONLY,2024-01-09,2024-01-11,B581099953,{B581099953},옥션,1,0,
G_0004,FRAIJOUR | 약쑥토너,Q_BASED,2024-01-13,2024-01-16,8482723620,{8482723620},스마트스토어,1,1,
G_0005,BATHPA | 스크럽바디워시,Q_BASED,2024-01-15,2024-01-17,2397735259,{2397735259},G마켓,2,1,
G_0006,PEDISON 바디 | 여성 청결제,Q_BASED,2024-01-11,2024-01-12,B377660277,{B377660277},옥션,1,1,
G_0007,VALMONA | 얼쓰 바이탈,Q_BASED,2024-01-18,2024-01-19,D424580460,{D424580460},옥션,1,1,
G_0008,BORDO | 풋팩,PRICE_ONLY,2024-01-12,2024-01-15,1501818790,{1501818790},G마켓,1,0,
G_0009,PEDISON 바디 | 여성청결제,Q_BASED,2024-01-14,2024-01-16,483648529,{483648529},G마켓,2,1,
G_0010,CERACLINIC | 프로테인 퀀치 앰플밤,PRICE_ONLY,2024-01-19,2024-01-22,D860082240,{D860082240},옥션,1,0,
G_0011,ROSEMINE | 스팀소프트,Q_BASED,2024-01-16,2024-01-17,465423945,{465423945},G마켓,5,1,
G_0012,ROSEMINE | 스팀소프트,Q_BASED,2024-01-25,2024-01-26,465423945,"{465423945,832114998}",G마켓,5,1,
G_0013,BATHPA | 스크럽바디워시,Q_BASED,2024-01-26,2024-01-29,2397735259,{2397735259},G마켓,2,1,
G_0014,BATHPA | 스크럽바디워시,Q_BASED,2024-01-31,2024-02-01,2397735259,{2397735259},G마켓,2,1,
G_0015,BATHPA | 스크럽바디워시,Q_BASED,2024-01-29,2024-01-30,C561340751,{C561340751},옥션,2,1,
G_0016,PEDISON 바디 | 여성청결제,Q_BASED,2024-02-02,2024-02-05,483648529,{483648529},G마켓,2,1,
G_0017,ROERANCE | 바디미스트,Q_BASED,2024-02-02,2024-02-05,B619607455,{B619607455},옥션,1,1,
G_0018,ROERANCE | 바디미스트,Q_BASED,2024-02-07,2024-02-09,42782041,{42782041},홈앤쇼핑,1,1,
G_0019,CERACLINIC | 프로테인퀀치앰플밤,PRICE_ONLY,2024-02-02,2024-02-06,3369630885,{3369630885},G마켓,1,0,
G_0020,VALMONA | 얼쓰바이탈샴푸,Q_BASED,2024-02-05,2024-02-06,3015066986,{3015066986},G마켓,1,1,
G_0021,ROERANCE | 바디미스트,Q_BASED,2024-02-10,2024-02-13,42782041,{42782041},홈앤쇼핑,1,1,
G_0022,PEDISON 바디 | 여성청결제,Q_BASED,2024-02-17,2024-02-19,483648529,{483648529},G마켓,2,1,
G_0023,ROERANCE | 바디미스트,Q_BASED,2024-02-15,2024-02-19,832114998,{832114998},G마켓,2,1,
G_0024,BATHPA | 스크럽바디워시,Q_BASED,2024-02-13,2024-02-14,C561340751,{C561340751},옥션,2,1,
G_0025,MIMI 모먼트 | 핸드워시,Q_BASED,2024-02-18,2024-02-20,B722843500,{B722843500},옥션,2,1,
G_0026,ROERANCE | 바디미스트,Q_BASED,2024-02-19,2024-02-21,B619607455,{B619607455},옥션,2,1,
G_0027,VALMONA | 얼쓰바이탈,Q_BASED,2024-02-18,2024-02-20,D424580460,{D424580460},옥션,1,1,
G_0028,FRAIJOUR | 약쑥 토너,Q_BASED,2024-02-21,2024-02-23,1416294630,{1416294630},G마켓,1,1,
G_0029,MIMI 퍼퓸 | 섬유향수,Q_BASED,2024-02-22,2024-02-25,1513422925,{1513422925},G마켓,1,1,
G_0030,VALMONA | 서리태샴푸,Q_BASED,2024-02-29,2024-03-04,B334179973,{B334179973},옥션,1,1,
G_0031,PEDISON 바디 | 여성청결제,Q_BASED,2024-03-08,2024-03-11,43355810,{43355810},홈앤쇼핑,1,1,
G_0032,BATHPA | 스크럽바디워시,Q_BASED,2024-02-26,2024-02-28,2397735259,{2397735259},G마켓,2,1,
G_0033,ROERANCE | 바디미스트,Q_BASED,2024-03-01,2024-03-04,832114998,{832114998},G마켓,2,1,
G_0034,BATHPA | 스크럽바디워시,Q_BASED,2024-02-29,2024-03-04,C561340751,{C561340751},옥션,2,1,
G_0035,MIMI 모먼트 | 핸드워시,Q_BASED,2024-03-02,2024-03-04,B722843500,{B722843500},옥션,2,1,
G_0036,ROERANCE | 바디미스트,Q_BASED,2024-03-03,2024-03-04,B619607455,{B619607455},옥션,2,1,
G_0037,VALMONA | 얼쓰바이탈,Q_BASED,2024-03-06,2024-03-08,D424580460,{D424580460},옥션,1,1,
G_0038,MIMI 퍼퓸 | 섬유향수,Q_BASED,2024-03-02,2024-03-04,1513422925,{1513422925},G마켓,1,1,
G_0039,MIMI 퍼퓸 | 딥퍼퓸300,Q_BASED,2024-03-06,2024-03-08,2274072838,{2274072838},G마켓,1,1,
G_0040,ROERANCE | 바디미스트,Q_BASED,2024-03-12,2024-03-14,832114998,{832114998},G마켓,1,1,
G_0041,BATHPA | 스크럽바디워시,Q_BASED,2024-03-13,2024-03-15,2397735259,{2397735259},G마켓,2,1,
G_0042,ROERANCE | 바디미스트,Q_BASED,2024-03-15,2024-03-18,B619607455,{B619607455},옥션,2,1,
G_0043,ROERANCE | 바디미스트,Q_BASED,2024-03-14,2024-03-20,42782041,"{42782041,42782041 004}",홈앤쇼핑,1,1,
G_0044,BATHPA | 스크럽바디워시,Q_BASED,2024-03-19,2024-03-20,C561340751,{C561340751},옥션,2,1,
G_0045,PEDISON 바디 | 여성청결제,Q_BASED,2024-03-24,2024-03-25,483648529,{483648529},G마켓,1,1,
G_0046,MIMI 퍼퓸 | 드레스퍼퓸,Q_BASED,2024-03-22,2024-03-25,B594363332,{B594363332},옥션,1,1,
G_0047,VALMONA | 청소년샴푸,Q_BASED,2024-03-19,2024-03-20,D424580460,{D424580460},옥션,1,1,
G_0048,BATHPA | 스크럽워시,Q_BASED,2024-03-20,2024-03-25,1009799783,"{1009799783,1009799783004,1009799783005,1009799783006,1009799783007}",GS이숍,2,1,
G_0049,ROERANCE | 바디미스트,Q_BASED,2024-03-22,2024-03-25,832114998,{832114998},G마켓,2,1,
G_0050,BATHPA | 스크럽워시,Q_BASED,2024-03-23,2024-03-25,2397735259,{2397735259},G마켓,2,1,
G_0051,ROERANCE | 바디미스트,Q_BASED,2024-03-26,2024-03-28,B619607455,{B619607455},옥션,2,1,
G_0052,FRAIJOUR | 약쑥수분크림,Q_BASED,2024-03-24,2024-03-25,50703532001,{50703532001},GS이숍,1,1,
G_0053,BATHPA | 스크럽워시,Q_BASED,2024-03-26,2024-03-28,1.0098E+12,"{1009799783004,1009799783005,1009799783006,1009799783007}",GS이숍,2,1,
G_0054,MIMI 퍼퓸 | 섬유향수,Q_BASED,2024-03-26,2024-03-28,1513422925,{1513422925},G마켓,1,1,
G_0055,PEDISON 바디 | 여성 청결제,Q_BASED,2024-03-24,2024-03-25,B377660277,{B377660277},옥션,1,1,
G_0056,ROERANCE | 바디미스트,Q_BASED,2024-03-22,2024-03-25,36368524001,"{36368524001,36368524002,36368524004,36368524006,36368524008,36368524009,36368524010,36368524011}",GS이숍,2,1,
G_0057,PEDISON 바디 | 여성청결제,Q_BASED,2024-03-31,2024-04-01,18182254005,"{18182254005,18182254003,18182254004}",GS이숍,1,1,
G_0058,BATHPA | 바스솔트,PRICE_ONLY,2024-03-28,2024-03-29,B581099953,{B581099953},옥션,1,0,
G_0059,ROERANCE | 바디미스트,Q_BASED,2024-04-03,2024-04-04,832114998,{832114998},G마켓,2,1,
G_0060,MIMI 모먼트 | 핸드워시,Q_BASED,2024-03-29,2024-04-01,B722843500,{B722843500},옥션,2,1,
G_0061,BATHPA | 스크럽워시,PRICE_ONLY,2024-04-04,2024-04-07,2397735259,{2397735259},G마켓,1,0,
G_0062,BATHPA | 스크럽바디워시,PRICE_ONLY,2024-04-01,2024-04-03,C561340751,{C561340751},옥션,1,0,
G_0063,ROERANCE | 바디미스트,Q_BASED,2024-04-02,2024-04-03,B619607455,{B619607455},옥션,2,1,
G_0064,FRAIJOUR | 약쑥 토너,Q_BASED,2024-04-03,2024-04-04,1416294630,{1416294630},G마켓,1,1,
G_0065,MIMI 퍼퓸 | 섬유향수,Q_BASED,2024-04-09,2024-04-10,1513422925,{1513422925},G마켓,1,1,
G_0066,VALMONA | 바이탈샴푸,Q_BASED,2024-04-10,2024-04-12,3015066986,{3015066986},G마켓,1,1,
G_0067,CHARCHAR | 헤어세럼,Q_BASED,2024-04-12,2024-04-15,1692731979,{1692731979},G마켓,1,1,
G_0068,CHARCHAR | 헤어세럼,Q_BASED,2024-04-05,2024-04-08,B687962411,{B687962411},옥션,1,1,
G_0069,ROERANCE | 바디미스트,Q_BASED,2024-04-09,2024-04-11,B619607455,{B619607455},옥션,2,1,
G_0070,BATHPA | 스크럽워시,PRICE_ONLY,2024-04-15,2024-04-16,2397735259,{2397735259},G마켓,1,0,
G_0071,ROERANCE | 바디미스트,Q_BASED,2024-04-16,2024-04-17,832114998,{832114998},G마켓,2,1,
G_0072,BATHPA | 스크럽워시,PRICE_ONLY,2024-04-16,2024-04-17,C561340751,{C561340751},옥션,1,0,
G_0073,MIMI 퍼퓸 | 섬유향수,Q_BASED,2024-04-15,2024-04-16,1513422925,{1513422925},G마켓,1,1,
G_0074,MIMI 퍼퓸 | 섬유향수,Q_BASED,2024-04-16,2024-04-18,1513422925,{1513422925},G마켓,1,1,
G_0075,ROERANCE | 바디미스트,Q_BASED,2024-04-16,2024-04-17,36368524001,"{36368524001,36368524002,36368524004,36368524006,36368524008,36368524009,36368524010,36368524011}",GS이숍,2,1,
G_0076,FRAIJOUR | 콜라겐립오일,Q_BASED,2024-04-12,2024-04-15,D840615092,{D840615092},옥션,1,1,
G_0077,MIMI 퍼퓸 | 섬유향수,Q_BASED,2024-04-20,2024-04-22,1513422925,{1513422925},G마켓,1,1,
G_0078,BATHPA | 무드퍼퓸,Q_BASED,2024-04-21,2024-04-23,1824691195,{1824691195},G마켓,1,1,
G_0079,PEDISON 바디 | 여성청결제,Q_BASED,2024-04-17,2024-04-18,483648529,{483648529},G마켓,2,1,
G_0080,BATHPA | 스크럽워시,Q_BASED,2024-04-19,2024-04-21,C561340751,{C561340751},옥션,2,1,
G_0081,ROERANCE | 바디미스트,Q_BASED,2024-04-20,2024-04-22,B619607455,{B619607455},옥션,2,1,
G_0082,CHARCHAR | 헤어세럼,Q_BASED,2024-04-20,2024-04-22,1692731979,{1692731979},G마켓,1,1,
G_0083,PEDISON 바디 | 여성청결제,Q_BASED,2024-04-23,2024-04-24,483648529,{483648529},G마켓,1,1,
G_0084,FRAIJOUR | 약쑥토너,Q_BASED,2024-04-21,2024-04-23,21606783003,{21606783003},GS이숍,1,1,
G_0085,ROERANCE | 바디미스트,Q_BASED,2024-04-24,2024-04-25,832114998,{832114998},G마켓,1,1,
G_0086,BATHPA | 스크럽워시,PRICE_ONLY,2024-04-27,2024-04-30,2397735259,{2397735259},G마켓,1,0,
G_0087,ROERANCE | 바디미스트,Q_BASED,2024-04-26,2024-04-30,B619607455,{B619607455},옥션,1,1,
G_0088,CHARCHAR | 헤어세럼,Q_BASED,2024-05-01,2024-05-02,1692731979,{1692731979},G마켓,1,1,
G_0089,ROERANCE | 바디미스트,Q_BASED,2024-05-03,2024-05-07,832114998,{832114998},G마켓,2,1,
G_0090,BATHPA | 스크럽워시,Q_BASED,2024-05-01,2024-05-02,C561340751,{C561340751},옥션,2,1,
G_0091,PEDISON 바디 | 여성청결제,Q_BASED,2024-04-26,2024-04-30,483648529,{483648529},G마켓,1,1,
G_0092,BATHPA | 스크럽워시,Q_BASED,2024-04-25,2024-04-29,C561340751,{C561340751},옥션,2,1,
G_0093,PEDISON 바디 | 여성청결제,Q_BASED,2024-04-27,2024-04-29,18182254005,"{18182254005,18182254003,18182254004}",GS이숍,1,1,
G_0094,CHARCHAR | 헤어세럼,PRICE_ONLY,2024-04-26,2024-04-29,36527089001,{36527089001},GS이숍,1,0,
G_0095,PEDISON 바디 | 여성청결제,Q_BASED,2024-04-30,2024-05-01,B377660277,{B377660277},옥션,1,1,
G_0096,ROERANCE | 바디미스트,Q_BASED,2024-04-30,2024-05-01,832114998,{832114998},G마켓,1,1,
G_0097,BATHPA | 스크럽워시,PRICE_ONLY,2024-04-30,2024-05-01,C561340751,{C561340751},옥션,1,0,
G_0098,PEDISON 바디 | 여성청결제,Q_BASED,2024-05-05,2024-05-07,483648529,{483648529},G마켓,1,1,
G_0099,FRAIJOUR | 약쑥토너,Q_BASED,2024-05-03,2024-05-07,44075301 001,{44075301 001},홈앤쇼핑,1,1,
G_0100,ROERANCE | 바디미스트,Q_BASED,2024-05-05,2024-05-07,42782041,"{42782041,42782041 004}",홈앤쇼핑,1,1,
G_0101,MIMI 모먼트 | 핸드워시,Q_BASED,2024-05-09,2024-05-13,37803139004,"{37803139004,37803139005,37803139006,37803139007}",GS이숍,2,1,
G_0102,BATHPA | 스크럽워시,PRICE_ONLY,2024-05-11,2024-05-13,1.0098E+12,"{1009799783004,1009799783005,1009799783006,1009799783007}",GS이숍,1,0,
G_0103,ROERANCE | 바디미스트,Q_BASED,2024-05-08,2024-05-10,B619607455,{B619607455},옥션,1,1,
G_0104,FRAIJOUR | 약쑥토너,Q_BASED,2024-05-06,2024-05-08,44075301 001,{44075301 001},홈앤쇼핑,1,1,
G_0105,ROERANCE | 바디미스트,Q_BASED,2024-05-14,2024-05-15,36368524001,"{36368524001,36368524002,36368524004,36368524006,36368524008,36368524009,36368524010,36368524011}",GS이숍,2,1,
G_0106,BATHPA | 스크럽워시,Q_BASED,2024-05-13,2024-05-14,2397735259,{2397735259},G마켓,2,1,
G_0107,ROERANCE | 바디미스트,Q_BASED,2024-05-15,2024-05-16,832114998,{832114998},G마켓,1,1,
G_0108,BATHPA | 스크럽워시,Q_BASED,2024-05-15,2024-05-17,C561340751,{C561340751},옥션,2,1,
G_0109,CHARCHAR | 헤어세럼,Q_BASED,2024-05-15,2024-05-16,37803140001,"{37803140001,37803140002,37803140003,37803140004,37803140005,37803140006,37803140007,37803140008,37803140009}",GS이숍,1,1,
G_0110,ROERANCE | 바디미스트,Q_BASED,2024-05-17,2024-05-17,B619607455,{B619607455},옥션,1,1,
G_0111,ROERANCE | 바디미스트,Q_BASED,2024-05-18,2024-05-20,B619607455,{B619607455},옥션,1,1,
G_0112,ROERANCE | 바디미스트,Q_BASED,2024-05-21,2024-05-22,832114998,{832114998},G마켓,1,1,
G_0113,BATHPA | 스크럽워시,PRICE_ONLY,2024-05-21,2024-05-22,C561340751,{C561340751},옥션,1,0,
G_0114,MIMI 퍼퓸 | 드레스퍼퓸,Q_BASED,2024-05-22,2024-05-24,1513422925,{1513422925},G마켓,1,1,
G_0115,BATHPA | 무드퍼퓸,Q_BASED,2024-05-23,2024-05-24,B867374399,{B867374399},옥션,1,1,
G_0116,FRAIJOUR | 어성초수분크림,Q_BASED,2024-05-22,2024-05-23,1.00256E+12,{1002564011001},GS이숍,1,1,
G_0117,PEDISON 바디 | 여성청결제,Q_BASED,2024-05-31,2024-06-03,483648529,{483648529},G마켓,1,1,
G_0118,ROERANCE | 바디미스트,PRICE_ONLY,2024-06-01,2024-06-03,B619607455,{B619607455},옥션,1,0,
G_0119,CHARCHAR | 헤어세럼,Q_BASED,2024-05-24,2024-05-27,1692731979,{1692731979},G마켓,1,1,
G_0120,PEDISON 바디 | 여성청결제,Q_BASED,2024-05-25,2024-05-27,483648529,{483648529},G마켓,1,1,
G_0121,ROERANCE | 바디미스트,Q_BASED,2024-05-26,2024-05-27,832114998,{832114998},G마켓,2,1,
G_0122,BATHPA | 스크럽워시,PRICE_ONLY,2024-05-28,2024-05-29,2397735259,{2397735259},G마켓,1,0,
G_0123,MIMI 모먼트 | 핸드워시,Q_BASED,2024-05-28,2024-05-29,B722843500,{B722843500},옥션,2,1,
G_0124,MIMI 모먼트 | 핸드워시,Q_BASED,2024-05-30,2024-06-03,45427729,{45427729},홈앤쇼핑,1,1,
G_0125,ROERANCE | 바디미스트,Q_BASED,2024-05-29,2024-05-30,832114998,{832114998},G마켓,1,1,
G_0126,BATHPA | 스크럽워시,PRICE_ONLY,2024-06-03,2024-06-04,2397735259,{2397735259},G마켓,1,0,
G_0127,PEDISON 바디 | 여성청결제,Q_BASED,2024-06-08,2024-06-10,483648529,{483648529},G마켓,1,1,
G_0128,BORDO | 풋마스크,PRICE_ONLY,2024-06-09,2024-06-10,1501818790,{1501818790},G마켓,1,0,
G_0129,BORDO | 풋마스크,PRICE_ONLY,2024-06-07,2024-06-10,B307002308,{B307002308},옥션,1,0,
G_0130,MIMI 모먼트 | 핸드워시,PRICE_ONLY,2024-06-09,2024-06-10,B722843500,{B722843500},옥션,1,0,
G_0131,BATHPA | 스크럽워시,PRICE_ONLY,2024-06-10,2024-06-11,C561340751,{C561340751},옥션,1,0,
G_0132,PEDISON 바디 | 데오드 바디워시,PRICE_ONLY,2024-06-10,2024-06-11,B872317852,{B872317852},옥션,1,0,
G_0133,ROERANCE | 바디미스트,Q_BASED,2024-06-04,2024-06-05,832114998,{832114998},G마켓,1,1,
G_0134,CHARCHAR | 헤어세럼,Q_BASED,2024-06-04,2024-06-05,1692731979,{1692731979},G마켓,1,1,
G_0135,BATHPA | 스크럽워시,PRICE_ONLY,2024-06-04,2024-06-05,C561340751,{C561340751},옥션,1,0,
G_0136,MIMI 퍼퓸 | 드레스퍼퓸,Q_BASED,2024-06-06,2024-06-07,1513422925,{1513422925},G마켓,1,1,
G_0137,MIMI 퍼퓸 | 드레스퍼퓸,Q_BASED,2024-06-05,2024-06-07,B594363332,{B594363332},옥션,1,1,
G_0138,MIMI 모먼트 | 핸드워시,Q_BASED,2024-06-07,2024-06-10,45427729,{45427729},홈앤쇼핑,1,1,
G_0139,FRAIJOUR | 약쑥수분크림,Q_BASED,2024-06-11,2024-06-12,1686066496,{1686066496},G마켓,1,1,
G_0140,BATHPA | 바쓰솔트,Q_BASED,2024-06-15,2024-06-17,1402797709,{1402797709},G마켓,1,1,
G_0141,MIMI 모먼트 | 핸드워시,Q_BASED,2024-06-15,2024-06-17,1621412261,{1621412261},G마켓,1,1,
G_0142,PEDISON 바디 | 여성청결제,Q_BASED,2024-06-14,2024-06-17,483648529,{483648529},G마켓,1,1,
G_0143,PEDISON 바디 | 여성청결제,Q_BASED,2024-06-12,2024-06-13,B377660277,{B377660277},옥션,1,1,
G_0144,BATHPA | 바쓰솔트,PRICE_ONLY,2024-06-13,2024-06-14,B581099953,{B581099953},옥션,1,0,
G_0145,BORDO | 풋마스크,PRICE_ONLY,2024-06-16,2024-06-17,B307002308,{B307002308},옥션,1,0,
G_0146,ROERANCE | 바디미스트,Q_BASED,2024-06-11,2024-06-12,832114998,{832114998},G마켓,1,1,
G_0147,BATHPA | 스크럽워시,PRICE_ONLY,2024-06-11,2024-06-12,2397735259,{2397735259},G마켓,1,0,
G_0148,PEDISON 바디 | 데오드바디,PRICE_ONLY,2024-06-11,2024-06-12,1835943962,{1835943962},G마켓,1,0,
G_0149,BATHPA | 스크럽워시,PRICE_ONLY,2024-06-14,2024-06-17,C561340751,{C561340751},옥션,1,0,
G_0150,ROERANCE | 바디미스트,Q_BASED,2024-06-14,2024-06-16,B619607455,{B619607455},옥션,2,1,
G_0151,FRAIJOUR | 약쑥수분크림,Q_BASED,2024-06-12,2024-06-13,B723611242,{B723611242},옥션,1,1,
G_0152,VALMONA | 서리태 샴푸,Q_BASED,2024-06-12,2024-06-13,35429494002,"{35429494002,35429494003,35429494001}",GS이숍,1,1,
G_0153,BATHPA | 스크럽워시,PRICE_ONLY,2024-06-18,2024-06-19,C561340751,{C561340751},옥션,1,0,
G_0154,CHARCHAR | 헤어세럼,PRICE_ONLY,2024-06-20,2024-06-21,1692731979,{1692731979},G마켓,1,0,
G_0155,PEDISON 바디 | 여성청결제,PRICE_ONLY,2024-06-21,2024-06-24,483648529,{483648529},G마켓,1,0,
G_0156,BATHPA | 스크럽워시,PRICE_ONLY,2024-06-22,2024-06-24,2397735259,{2397735259},G마켓,1,0,
G_0157,PEDISON 바디 | 여성청결제,PRICE_ONLY,2024-06-20,2024-06-24,B377660277,{B377660277},옥션,1,0,
G_0158,MIMI 모먼트 | 핸드워시,Q_BASED,2024-06-20,2024-06-24,B722843500,{B722843500},옥션,2,1,
G_0159,CHARCHAR | 헤어세럼,PRICE_ONLY,2024-06-21,2024-06-24,B722843500,{B722843500},옥션,1,0,
G_0160,BATHPA | 바스솔트,Q_BASED,2024-06-21,2024-06-24,B581099953,{B581099953},옥션,1,1,
G_0161,ROERANCE | 바디미스트,Q_BASED,2024-06-25,2024-06-26,B619607455,{B619607455},옥션,2,1,
G_0162,CHARCHAR | 헤어세럼,PRICE_ONLY,2024-06-25,2024-06-26,B722843500,{B722843500},옥션,1,0,
G_0163,BORDO | 풋팩,PRICE_ONLY,2024-06-24,2024-06-25,1501818790,{1501818790},G마켓,1,0,
G_0164,MIMI 모먼트 | 핸드워시,Q_BASED,2024-06-26,2024-06-27,1621412261,{1621412261},G마켓,1,1,
G_0165,PEDISON 바디 | 데오드바디,Q_BASED,2024-06-27,2024-06-28,1835943962,{1835943962},G마켓,2,1,
G_0166,PEDISON 바디 | 여성청결제,Q_BASED,2024-06-28,2024-07-01,483648529,{483648529},G마켓,2,1,
G_0167,BORDO | 풋팩,PRICE_ONLY,2024-06-29,2024-07-01,1501818790,{1501818790},G마켓,1,0,
G_0168,PEDISON 바디 | 여성청결제,Q_BASED,2024-06-29,2024-07-01,B377660277,{B377660277},옥션,2,1,
G_0169,FRAIJOUR | 약쑥 토너,Q_BASED,2024-06-21,2024-06-24,21606783003,{21606783003},GS이숍,1,1,
G_0170,ROERANCE | 바디미스트,Q_BASED,2024-06-25,2024-06-26,36368524001,"{36368524001,36368524002,36368524004,36368524006,36368524008,36368524009,36368524010,36368524011}",GS이숍,2,1,
G_0171,BATHPA | 스크럽워시,PRICE_ONLY,2024-07-02,2024-07-03,2397735259,{2397735259},G마켓,1,0,
G_0172,ROERANCE | 바디미스트,Q_BASED,2024-07-02,2024-07-03,832114998,{832114998},G마켓,1,1,
G_0173,PEDISON 바디 | 데오드바디,Q_BASED,2024-07-04,2024-07-05,1835943962,{1835943962},G마켓,2,1,
G_0174,BATHPA | 바스솔트,Q_BASED,2024-07-07,2024-07-08,1402797709,{1402797709},G마켓,1,1,
G_0175,PEDISON 바디 | 데오드바디,Q_BASED,2024-07-07,2024-07-08,1835943962,{1835943962},G마켓,2,1,
G_0176,BORDO | 풋팩,PRICE_ONLY,2024-07-01,2024-07-02,B307002308,{B307002308},옥션,1,0,
G_0177,MIMI 모먼트 | 핸드워시,Q_BASED,2024-07-03,2024-07-05,B722843500,{B722843500},옥션,2,1,
G_0178,CHARCHAR | 헤어세럼,PRICE_ONLY,2024-07-06,2024-07-08,B687962411,{B687962411},옥션,1,0,
G_0179,ROERANCE | 바디미스트,Q_BASED,2024-07-08,2024-07-10,832114998,{832114998},G마켓,1,1,
G_0180,BATHPA | 스크럽워시,PRICE_ONLY,2024-07-09,2024-07-10,C561340751,{C561340751},옥션,1,0,
G_0181,PEDISON 바디 | 여성청결제,Q_BASED,2024-07-09,2024-07-10,483648529,{483648529},G마켓,2,1,
G_0182,BATHPA | 스크럽워시,PRICE_ONLY,2024-07-11,2024-07-12,2397735259,{2397735259},G마켓,1,0,
G_0183,BORDO | 풋팩,PRICE_ONLY,2024-07-10,2024-07-11,1501818790,{1501818790},G마켓,1,0,
G_0184,MIMI 모먼트 | 핸드워시,Q_BASED,2024-07-13,2024-07-15,B722843500,{B722843500},옥션,2,1,
G_0185,PEDISON 바디 | 데오드바디,Q_BASED,2024-07-14,2024-07-15,1835943962,{1835943962},G마켓,2,1,
G_0186,ROERANCE | 바디미스트,Q_BASED,2024-07-14,2024-07-15,8321149980,{8321149980},G마켓,2,1,
G_0187,BATHPA | 스크럽워시,PRICE_ONLY,2024-07-14,2024-07-15,2397735259,{2397735259},G마켓,1,0,
G_0188,BATHPA | 스크럽워시,PRICE_ONLY,2024-07-14,2024-07-15,C561340751,{C561340751},옥션,1,0,
G_0189,ROERANCE | 바디미스트,Q_BASED,2024-07-14,2024-07-15,B619607455,{B619607455},옥션,2,1,
G_0190,BATHPA | 바디 톤 업,PRICE_ONLY,2024-07-11,2024-07-15,46676643,{46676643},홈앤쇼핑,1,0,
G_0191,ROERANCE | 바디미스트,Q_BASED,2024-07-16,2024-07-17,B6196074550,{B6196074550},옥션,2,1,
G_0192,CHARCHAR | 헤어세럼,PRICE_ONLY,2024-07-16,2024-07-17,B687962411,{B687962411},옥션,1,0,
G_0193,MIMI 모먼트 | 핸드워시,Q_BASED,2024-07-17,2024-07-18,B722843500,{B722843500},옥션,2,1,
G_0194,BORDO | 풋팩,PRICE_ONLY,2024-07-20,2024-07-22,B307002308,{B307002308},옥션,1,0,
G_0195,PEDISON 바디 | 청결제,Q_BASED,2024-07-21,2024-07-22,B377660277,{B377660277},옥션,2,1,
G_0196,ROERANCE | 바디미스트,Q_BASED,2024-07-15,2024-07-16,832114998,{832114998},G마켓,1,1,
G_0197,BATHPA | 바스솔트,PRICE_ONLY,2024-07-17,2024-07-18,1402797709,{1402797709},G마켓,1,0,
G_0198,ROERANCE | 바디미스트,Q_BASED,2024-07-19,2024-07-22,832114998,{832114998},G마켓,1,1,
G_0199,PEDISON 바디 | 여성청결제,Q_BASED,2024-07-19,2024-07-22,483648529,{483648529},G마켓,2,1,
G_0200,ROERANCE | 바디미스트,Q_BASED,2024-07-15,2024-07-16,B619607455,{B619607455},옥션,1,1,
G_0201,MIMI 퍼퓸 | 섬유향수,Q_BASED,2024-07-16,2024-07-23,1513422925,{1513422925},G마켓,1,1,
G_0202,BATHPA | 무드퍼퓸,Q_BASED,2024-07-16,2024-07-17,B867374399,{B867374399},옥션,1,1,
G_0203,CERACLINIC | 컬링 크림,PRICE_ONLY,2024-07-11,2024-07-15,47088126,{47088126},홈앤쇼핑,1,0,
G_0204,FRAIJOUR | 약쑥토너,Q_BASED,2024-07-22,2024-07-23,21606783003,{21606783003},GS이숍,1,1,
G_0205,BATHPA | 스크럽워시,PRICE_ONLY,2024-07-23,2024-07-24,1.0098E+12,"{1009799783003,1009799783004,1009799783005,1009799783006,1009799783007}",GS이숍,1,0,
G_0206,BATHPA | 스크럽워시,PRICE_ONLY,2024-07-23,2024-07-24,2397735259,{2397735259},G마켓,1,0,
G_0207,ROERANCE | 바디미스트,Q_BASED,2024-07-25,2024-07-26,832114998,{832114998},G마켓,1,1,
G_0208,PEDISON 바디 | 데오드바디,Q_BASED,2024-07-28,2024-07-29,1835943962,{1835943962},G마켓,2,1,
G_0209,PEDISON 바디 | 여성청결제,Q_BASED,2024-07-27,2024-07-29,483648529,{483648529},G마켓,2,1,
G_0210,BATHPA | 스크럽워시,PRICE_ONLY,2024-07-24,2024-07-25,C561340751,{C561340751},옥션,1,0,
G_0211,PEDISON 바디 | 데오드바디,Q_BASED,2024-07-27,2024-07-29,B872317852,{B872317852},옥션,2,1,
G_0212,MIMI 모먼트 | 핸드워시,Q_BASED,2024-07-28,2024-07-29,B722843500,{B722843500},옥션,2,1,
G_0213,CHARCHAR | 헤어세럼,PRICE_ONLY,2024-07-24,2024-07-25,1692731979,{1692731979},옥션,1,0,
G_0214,FRAIJOUR | 약쑥크림,Q_BASED,2024-07-28,2024-07-29,50703532001,{50703532001},GS이숍,1,1,
G_0215,ROERANCE | 바디미스트,Q_BASED,2024-07-29,2024-07-30,36368524001,"{36368524001,36368524002,36368524004,36368524006,36368524008,36368524009,36368524010,36368524011}",GS이숍,2,1,
G_0216,FRAIJOUR | 약쑥토너,Q_BASED,2024-07-25,2024-07-26,44075301,{44075301},홈앤쇼핑,1,1,
G_0217,ROERANCE | 바디미스트,Q_BASED,2024-07-30,2024-07-31,832114998,{832114998},G마켓,1,1,
G_0218,MIMI 모먼트 | 핸드워시,Q_BASED,2024-07-30,2024-07-31,B722843500,{B722843500},옥션,2,1,
G_0219,BATHPA | 바스솔트,PRICE_ONLY,2024-08-01,2024-08-05,1402797709,{1402797709},G마켓,1,0,
G_0220,MIMI 모먼트 | 핸드워시,Q_BASED,2024-08-03,2024-08-05,1621412261,{1621412261},G마켓,2,1,
G_0221,PEDISON 바디 | 청결제,Q_BASED,2024-08-04,2024-08-05,B377660277,{B377660277},옥션,2,1,
G_0222,ROERANCE | 바디미스트,Q_BASED,2024-08-06,2024-08-07,832114998,{832114998},G마켓,1,1,
G_0223,BATHPA | 스크럽워시,PRICE_ONLY,2024-08-06,2024-08-07,2397735259,{2397735259},G마켓,1,0,
G_0224,PEDISON 바디 | 데오드바디,Q_BASED,2024-08-06,2024-08-07,B872317852,{B872317852},옥션,2,1,
G_0225,BATHPA | 바스솔트,PRICE_ONLY,2024-08-10,2024-08-12,1402797709,{1402797709},G마켓,1,0,
G_0226,CHARCHAR | 헤어세럼,PRICE_ONLY,2024-08-11,2024-08-12,1692731979,{1692731979},G마켓,1,0,
G_0227,CHARCHAR | 헤어세럼,PRICE_ONLY,2024-08-05,2024-08-06,B687962411,{B687962411},옥션,1,0,
G_0228,ROERANCE | 바디미스트,Q_BASED,2024-08-08,2024-08-09,B619607455,{B619607455},옥션,1,1,
G_0229,BATHPA | 스크럽워시,PRICE_ONLY,2024-08-09,2024-08-12,C561340751,{C561340751},옥션,1,0,
G_0230,CHARCHAR | 헤어세럼,PRICE_ONLY,2024-08-11,2024-08-12,B687962411,{B687962411},옥션,1,0,
G_0231,PEDISON 바디 | 데오드바디,Q_BASED,2024-08-11,2024-08-12,B872317852,{B872317852},옥션,2,1,
G_0232,ROERANCE | 바디미스트,Q_BASED,2024-08-09,2024-08-12,37288192 001,"{37288192 001,37288192,37288192 003,37288192 004,37288192 005,37288192 006,37288192 030,37288192 008,37288192 050}",홈앤쇼핑,1,1,
G_0233,MIMI 모먼트 | 핸드워시,Q_BASED,2024-08-12,2024-08-14,1621412261,{1621412261},G마켓,1,1,
G_0234,BATHPA | 스크럽워시,PRICE_ONLY,2024-08-14,2024-08-16,2397735259,{2397735259},G마켓,1,0,
G_0235,ROERANCE | 바디미스트,Q_BASED,2024-08-17,2024-08-19,832114998,{832114998},G마켓,1,1,
G_0236,PEDISON 바디 | 여성청결제,Q_BASED,2024-08-18,2024-08-19,483648529,{483648529},G마켓,1,1,
G_0237,PEDISON 바디 | 데오드바디,Q_BASED,2024-08-17,2024-08-19,B872317852,{B872317852},옥션,2,1,
G_0238,ROERANCE | 바디미스트,Q_BASED,2024-08-18,2024-08-19,B619607455,{B619607455},옥션,1,1,
G_0239,BORDO | 풋팩,PRICE_ONLY,2024-08-13,2024-08-14,1501818790,{1501818790},G마켓,1,0,
G_0240,CHARCHAR | 헤어세럼,PRICE_ONLY,2024-08-20,2024-08-21,B687962411,{B687962411},옥션,1,0,
G_0241,MIMI 모먼트 | 핸드워시,Q_BASED,2024-08-20,2024-08-21,1621412261,{1621412261},G마켓,1,1,
G_0242,PEDISON 바디 | 데오드바디,Q_BASED,2024-08-24,2024-08-26,B872317852,{B872317852},옥션,2,1,
G_0243,ROERANCE | 바디미스트,Q_BASED,2024-08-23,2024-08-26,832114998,{832114998},G마켓,1,1,
G_0244,PEDISON 바디 | 여성청결제,Q_BASED,2024-08-24,2024-08-26,483648529,{483648529},G마켓,1,1,
G_0245,BATHPA | 스크럽워시,PRICE_ONLY,2024-08-22,2024-08-23,C561340751,{C561340751},옥션,1,0,
G_0246,ROERANCE | 바디미스트,Q_BASED,2024-08-14,2024-08-16,37288192 001,"{37288192 001,37288192,37288192 003,37288192 004,37288192 005,37288192 006,37288192 030,37288192 008,37288192 050}",홈앤쇼핑,1,1,
G_0247,ROERANCE | 바디미스트,Q_BASED,2024-08-21,2024-08-22,37288192,{37288192},홈앤쇼핑,1,1,
G_0248,ROERANCE | 핸드워시,Q_BASED,2024-08-19,2024-08-21,1.00878E+12,{1008779285001},GS이숍,1,1,
G_0249,PEDISON 바디 | 여성청결제,Q_BASED,2024-08-22,2024-08-23,18182254,{18182254},GS이숍,1,1,
G_0250,ROERANCE | 바디미스트,Q_BASED,2024-08-28,2024-08-29,832114998,{832114998},G마켓,1,1,
G_0251,BATHPA | 스크럽워시,PRICE_ONLY,2024-08-29,2024-08-30,2397735259,{2397735259},G마켓,1,0,
G_0252,ROERANCE | 바디미스트,Q_BASED,2024-08-31,2024-09-02,B619607455,{B619607455},옥션,2,1,
G_0253,BATHPA | 스크럽워시,PRICE_ONLY,2024-08-28,2024-08-29,C561340751,{C561340751},옥션,1,0,
G_0254,ROERANCE | 바디미스트,Q_BASED,2024-08-27,2024-08-28,B619607455,{B619607455},옥션,2,1,
G_0255,CERACLINIC | 프로테인퀀치,Q_BASED,2024-08-23,2024-08-26,39931077,"{39931077,49065510,40299861}",홈앤쇼핑,1,1,
G_0256,PEDISON 바디 | 여성청결제,Q_BASED,2024-08-25,2024-08-26,18182254,{18182254},GS이숍,1,1,
G_0257,ROERANCE | 핸드워시,PRICE_ONLY,2024-08-26,2024-08-28,1008779285,{1008779285},GS이숍,1,0,
G_0258,MIMI 모먼트 | 미미로린스,PRICE_ONLY,2024-09-06,2024-09-09,qk9xwvpx,"{qk9xwvpx,q38oxz4e,q7kljexo,qgrwj1wv,nyyevgmy,n8r6eoow,5lomd36l}",그립,1,0,
G_0259,FRAIJOUR | 진세노사이드,PRICE_ONLY,2024-09-10,2024-09-11,1.00878E+12,{1008779285001},그립,1,0,
G_0260,ROSEMINE | 로즈마인,PRICE_ONLY,2024-09-11,2024-09-12,1.00878E+12,{1008779285001},그립,1,0,
G_0261,BATHPA | 바스파,PRICE_ONLY,2024-09-25,2024-09-26,1.00878E+12,{1008779285001},그립,1,0,
G_0262,ROSEMINE | 로즈마인,Q_BASED,2024-09-03,2024-09-04,1.05936E+12,{1059355721001},GS이숍,5,1,
G_0263,CHARCHAR | 어성초 캡슐샴푸,PRICE_ONLY,2024-08-29,2024-08-30,3982684887,{3982684887},G마켓,1,0,
G_0264,ROSEMINE | 스팀소프트,Q_BASED,2024-08-30,2024-09-02,38745287,{38745287},홈앤쇼핑,5,1,
G_0265,MIMI 모먼트 | 핸드워시,Q_BASED,2024-09-01,2024-09-02,1621412261,{1621412261},G마켓,1,1,
G_0266,ROSEMINE | 스팀소프트,Q_BASED,2024-09-05,2024-09-09,38745287,{38745287},홈앤쇼핑,5,1,
G_0267,CERACLINIC | 프로테인퀀치,Q_BASED,2024-09-06,2024-09-09,39931077,"{39931077,49065510,40299861}",홈앤쇼핑,1,1,
G_0268,ROSEMINE | 스팀소프트,Q_BASED,2024-09-02,2024-09-02,1.05936E+12,{1059355721001},GS이숍,5,1,
G_0269,ROSEMINE | 스팀소프트,Q_BASED,2024-09-07,2024-09-09,B897947013,{B897947013},옥션,5,1,
G_0270,ROERANCE | 바디미스트,Q_BASED,2024-09-08,2024-09-09,B619607455,{B619607455},옥션,1,1,
G_0271,BATHPA | 스크럽워시,PRICE_ONLY,2024-09-11,2024-09-12,2397735259,{2397735259},G마켓,1,0,
G_0272,ROERANCE | 바디미스트,Q_BASED,2024-09-14,2024-09-19,832114998,{832114998},G마켓,1,1,
G_0273,ROSEMINE | 스팀소프트,Q_BASED,2024-09-11,2024-09-12,B897947013,{B897947013},옥션,5,1,
G_0274,CHARCHAR | 헤어세럼,PRICE_ONLY,2024-09-12,2024-09-13,B687962411,{B687962411},옥션,1,0,
G_0275,PEDISON 바디 | 여성청결제,Q_BASED,2024-09-12,2024-09-13,18182254,"{18182254,18182254004,18182254003,18182254005,18182254006,18182254001,18182254002}",GS이숍,1,1,
G_0276,FRAIJOUR | 약쑥토너,Q_BASED,2024-09-17,2024-09-19,21606783003,{21606783003},GS이숍,1,1,
G_0277,CERACLINIC | 노워시트리트먼트,Q_BASED,2024-09-21,2024-09-23,99116306001,{99116306001},GS이숍,1,1,
G_0278,BATHPA | 스크럽워시,PRICE_ONLY,2024-09-17,2024-09-19,2397735259,{2397735259},G마켓,1,0,
G_0279,ROERANCE | 바디미스트,Q_BASED,2024-09-19,2024-09-20,832114998,{832114998},G마켓,1,1,
G_0280,ROSEMINE | 스팀소프트,Q_BASED,2024-09-20,2024-09-23,465423945,{465423945},G마켓,5,1,
G_0281,MIMI 모먼트 | 핸드워시,Q_BASED,2024-09-20,2024-09-23,1621412261,{1621412261},G마켓,1,1,
G_0282,PEDISON 바디 | 여성청결제,Q_BASED,2024-09-21,2024-09-23,483648529,{483648529},G마켓,1,1,
G_0283,BATHPA | 스크럽워시,PRICE_ONLY,2024-09-23,2024-09-24,2397735259,{2397735259},G마켓,1,0,
G_0284,ROSEMINE | 키스바이핸드크림,PRICE_ONLY,2024-09-18,2024-09-19,B615183169,{B615183169},옥션,1,0,
G_0285,ROSEMINE | 퍼퓸드핸드크림,PRICE_ONLY,2024-09-22,2024-09-23,B743043434,{B743043434},옥션,1,0,
G_0286,BATHPA | 스크럽워시,PRICE_ONLY,2024-09-23,2024-09-24,C561340751,{C561340751},옥션,1,0,
G_0287,ROERANCE | 바디미스트,PRICE_ONLY,2024-10-08,2024-10-09,1.00878E+12,{1008779285001},그립,1,0,
G_0288,PEDISON 바디 | 여성청결제,PRICE_ONLY,2024-09-29,2024-09-30,483648529,{483648529},G마켓,1,0,
G_0289,BATHPA | 스크럽워시,PRICE_ONLY,2024-09-30,2024-10-02,2397735259,{2397735259},G마켓,1,0,
G_0290,BATHPA | 스크럽워시,PRICE_ONLY,2024-10-07,2024-10-08,2397735259,{2397735259},G마켓,1,0,
G_0291,ROERANCE | 바디미스트,Q_BASED,2024-10-03,2024-10-04,B619607455,{B619607455},옥션,1,1,
G_0292,BATHPA | 스크럽워시,PRICE_ONLY,2024-10-06,2024-10-07,C561340751,{C561340751},옥션,1,0,
G_0293,PEDISON 바디 | 데오드바디워시,PRICE_ONLY,2024-10-07,2024-10-08,B872317852,{B872317852},옥션,1,0,
G_0294,BATHPA | 바스솔트,Q_BASED,2024-10-08,2024-10-10,B581099953,{B581099953},옥션,1,1,
G_0295,CHARCHAR | 헤어세럼,PRICE_ONLY,2024-10-08,2024-10-10,B687962411,{B687962411},옥션,1,0,
G_0296,CERACLINIC | 노워시트리트먼트,Q_BASED,2024-10-11,2024-10-14,99116306001,{99116306001},GS이숍,1,1,
G_0297,FRAIJOUR | 어성초수분크림,Q_BASED,2024-10-12,2024-10-14,1.00256E+12,{1002564011001},GS이숍,1,1,
G_0298,ROSEMINE | 키스핸드크림,Q_BASED,2024-10-10,2024-10-11,1686132991,{1686132991},G마켓,1,1,
G_0299,ROSEMINE | 퍼퓸드핸드크림,Q_BASED,2024-10-12,2024-10-14,1635199047,{1635199047},G마켓,1,1,
G_0300,MIMI 모먼트 | 핸드워시,PRICE_ONLY,2024-10-13,2024-10-14,1621412261,{1621412261},G마켓,1,0,
G_0301,ROSEMINE | 키스핸드크림,Q_BASED,2024-10-13,2024-10-14,B615183169,{B615183169},옥션,1,1,
G_0302,ROSEMINE | 키스핸드크림,Q_BASED,2024-10-18,2024-10-21,1686132991,{1686132991},G마켓,1,1,
G_0303,PEDISON 바디 | 여성청결제,Q_BASED,2024-10-18,2024-10-21,483648529,{483648529},G마켓,1,1,
G_0304,ROERANCE | 바디미스트,Q_BASED,2024-10-13,2024-10-14,B619607455,{B619607455},옥션,1,1,
G_0305,MIMI 모먼트 | 갤퍼퓸,Q_BASED,2024-10-15,2024-10-18,qk9xwvpx,{qk9xwvpx},그립,1,1,
G_0306,ROSEMINE | 퍼퓸드핸드크림,PRICE_ONLY,2024-10-15,2024-10-16,1635199047,{1635199047},G마켓,1,0,
G_0307,PEDISON 바디 | 여성청결제,Q_BASED,2024-10-22,2024-10-23,18182254,"{18182254,18182254004,18182254003,18182254005,18182254006,18182254001,18182254002}",GS이숍,1,1,
G_0308,CHARCHAR | 녹두폼클렌징,PRICE_ONLY,2024-10-19,2024-10-21,4174252523,{4174252523},G마켓,1,0,
G_0309,BATHPA | 스크럽워시,PRICE_ONLY,2024-10-21,2024-10-22,2397735259,{2397735259},G마켓,1,0,
G_0310,ROSEMINE | 퍼퓸드핸드크림,PRICE_ONLY,2024-10-26,2024-10-28,1635199047,{1635199047},G마켓,1,0,
G_0311,PEDISON 바디 | 여성청결제,Q_BASED,2024-10-27,2024-10-28,483648529,{483648529},G마켓,1,1,
G_0312,ROSEMINE | 키스핸드크림,PRICE_ONLY,2024-10-27,2024-10-28,1686132991,{1686132991},G마켓,1,0,
G_0313,ROSEMINE | 퍼퓸드핸드크림,PRICE_ONLY,2024-10-24,2024-10-28,38984706,"{38984706,39667042,37288192,38745287,42782040,47876992,48011353,46676643}",홈앤쇼핑,1,0,
G_0314,CERACLINIC | 프로테인퀀치,Q_BASED,2024-10-25,2024-10-28,39931077,"{39931077,49065510,40299861,49065509,49065508,47088126,49381214,49381213,49381211}",홈앤쇼핑,1,1,
G_0315,ROERANCE | 바디미스트,Q_BASED,2024-10-29,2024-10-30,B619607455,{B619607455},옥션,2,1,
G_0316,ROSEMINE | 키스바이핸드크림,PRICE_ONLY,2024-10-29,2024-10-30,B615183169,{B615183169},옥션,1,0,
G_0317,CHARCHAR | 헤어세럼,PRICE_ONLY,2024-10-28,2024-10-29,B687962411,{B687962411},옥션,1,0,
G_0318,CHARCHAR | 녹두폼클렌징,PRICE_ONLY,2024-11-05,2024-11-10,E756037719,{E756037719},옥션,1,0,
G_0319,CHARCHAR | 헤어세럼,PRICE_ONLY,2024-11-12,2024-11-13,B687962411,{B687962411},옥션,1,0,
G_0320,PEDISON 바디 | 여성청결제,Q_BASED,2024-11-17,2024-11-18,483648529,{483648529},G마켓,1,1,
G_0321,CHARCHAR | 녹두클렌징폼,PRICE_ONLY,2024-11-19,2024-11-20,nxdw0zdo,{nxdw0zdo},그립,1,0,
G_0322,MIMI 모먼트 | 핸드워시,Q_BASED,2024-11-22,2024-11-25,nxdw0zdo,{nxdw0zdo},그립,1,1,
G_0323,MIMI 퍼퓸 | 딥퍼퓸300ml,Q_BASED,2024-11-23,2024-11-25,nxdw0zdo,{nxdw0zdo},그립,1,1,
G_0324,MIMI 퍼퓸 | 디퓨저,PRICE_ONLY,2024-11-24,2024-11-25,nxdw0zdo,{nxdw0zdo},그립,1,0,
G_0325,BORDO | 발각질제거팩,PRICE_ONLY,2024-11-25,2024-11-26,nxdw0zdo,{nxdw0zdo},그립,1,0,
G_0326,BATHPA | 스크럽워시,PRICE_ONLY,2024-11-26,2024-11-27,nxdw0zdo,{nxdw0zdo},그립,1,0,
G_0327,CHARCHAR | 녹두클렌징폼,PRICE_ONLY,2024-11-14,2024-11-19,51981159 001,{51981159 001},홈앤쇼핑,1,0,
G_0328,PEDISON 바디 | 여성청결제,Q_BASED,2024-11-26,2024-11-27,B377660277,{B377660277},옥션,2,1,
G_0329,FRAIJOUR | 약쑥토너,Q_BASED,2024-11-28,2024-11-29,21606783003,{21606783003},GS이숍,1,1,
G_0330,ROSEMINE | 퍼퓸드핸드크림,PRICE_ONLY,2024-11-28,2024-11-29,17173479,{17173479},GS이숍,1,0,
G_0331,BATHPA | 스크럽워시,PRICE_ONLY,2024-11-24,2024-11-25,2397735259,{2397735259},G마켓,1,0,
G_0332,ROERANCE | 바디미스트,Q_BASED,2024-11-23,2024-11-25,B619607455,{B619607455},옥션,2,1,
G_0333,PEDISON 바디 | 여성청결제,Q_BASED,2024-12-07,2024-12-09,18182254,"{18182254,18182254003,18182254005,18182254004}",GS이숍,1,1,
G_0334,BATHPA | 스크럽워시,Q_BASED,2024-12-09,2024-12-10,2397735259,{2397735259},G마켓,2,1,
G_0335,PEDISON 바디 | 여성청결제,Q_BASED,2024-12-10,2024-12-11,2397735259,{2397735259},G마켓,1,1,
G_0336,PEDISON 헤어 | 헤어미스트,Q_BASED,2024-12-18,2024-12-19,10081299,{10081299},공영홈쇼핑,1,1,
G_0337,PEDISON 바디 | 여성청결제,Q_BASED,2024-12-18,2024-12-19,11397378,{11397378},공영홈쇼핑,1,1,
G_0338,CHARCHAR | 헤어세럼,Q_BASED,2024-12-10,2024-12-11,1692731979,{1692731979},G마켓,1,1,
G_0339,ROSEMINE | 키스바이핸드크림,PRICE_ONLY,2024-12-14,2024-12-16,1686132991,{1686132991},G마켓,1,0,
G_0340,CHARCHAR | 헤어세럼,Q_BASED,2024-12-15,2024-12-16,B687962411,{B687962411},옥션,1,1,
G_0341,CERACLINIC | 헤어팩,Q_BASED,2024-12-26,2024-12-30,319371995,{319371995},카카오 톡스토어,1,1,
G_0342,BATHPA | 스크럽워시,Q_BASED,2024-12-21,2024-12-23,2397735259,{2397735259},G마켓,2,1,
G_0343,ROERANCE | 바디미스트,Q_BASED,2024-12-23,2024-12-24,B619607455,{B619607455},옥션,1,1,
G_0344,FRAIJOUR | 약쑥토너,Q_BASED,2025-01-01,2025-01-03,21606783003,{21606783003},GS이숍,1,1,
G_0345,PEDISON 바디 | 여성청결제,Q_BASED,2025-01-12,2025-01-14,18182254,{18182254},GS이숍,1,1,
G_0346,ROSEMINE | 스팀소프트,Q_BASED,2025-01-12,2025-01-14,1.05936E+12,{1059355721001},GS이숍,5,1,
G_0347,ROSEMINE | 스팀소프트,Q_BASED,2025-01-18,2025-01-20,38745287,"{38745287,55826115}",홈앤쇼핑,5,1,
G_0348,ROERANCE | 로에랑스,Q_BASED,2025-01-28,2025-02-05,10578098,{10578098},공영홈쇼핑,1,1,
G_0349,FRAIJOUR | 수분크림,Q_BASED,2025-02-08,2025-02-11,99942240,{99942240},카카오 톡스토어,1,1,
G_0350,BATHPA | 스크럽워시,Q_BASED,2025-02-11,2025-02-14,392687145,{392687145},카카오 톡스토어,1,1,
G_0351,ROSEMINE | 스팀소프트,Q_BASED,2025-01-21,2025-01-22,38745287,"{38745287,55826115}",홈앤쇼핑,5,1,
G_0352,CHARCHAR | 헤어세럼,PRICE_ONLY,2025-01-29,2025-02-03,B687962411,{B687962411},옥션,1,0,
G_0353,CERACLINIC | 프로테인퀀치 ,Q_BASED,2025-01-31,2025-02-05,99116306001,{99116306001},GS이숍,1,1,
G_0354,FRAIJOUR | 약쑥 수분크림 ,Q_BASED,2025-02-03,2025-02-05,50703532001,{50703532001},GS이숍,1,1,
G_0355,ROERANCE | 바디미스트,Q_BASED,2025-01-25,2025-01-27,832114998,{832114998},G마켓,1,1,
G_0356,ROERANCE | 바디미스트,Q_BASED,2025-02-02,2025-02-03,832114998,{832114998},G마켓,1,1,
G_0357,BATHPA | 스크럽워시,Q_BASED,2025-02-23,2025-02-28,392687145,{392687145},카카오 톡스토어,1,1,
G_0358,PEDISON 바디 | 데오드 바디클렌져 ,Q_BASED,2025-02-01,2025-02-04,21454065001,{21454065001},GS이숍,2,1,
G_0359,FRAIJOUR | 약쑥 쑥토너,Q_BASED,2025-02-05,2025-02-10,21606783003,{21606783003},GS이숍,1,1,
G_0360,CHARCHAR | 녹두폼,PRICE_ONLY,2025-02-10,2025-02-11,1.06634E+12,{1066344976001},GS이숍,1,0,
G_0361,BATHPA | 바디스크럽,PRICE_ONLY,2025-02-06,2025-02-10,2397735259,{2397735259},G마켓,1,0,
G_0362,BATHPA | 바디스크럽,Q_BASED,2025-02-08,2025-02-10,42782040,{42782040},홈앤쇼핑,1,1,
G_0363,ROERANCE | 로에랑스바디,Q_BASED,2025-02-08,2025-02-10,42782041,{42782041},홈앤쇼핑,1,1,
G_0364,PEDISON 바디 | 여성청결제,PRICE_ONLY,2025-02-13,2025-02-17,483648529,{483648529},G마켓,1,0,
G_0365,ROSEMINE | 로즈마인 핸드크림 *10,PRICE_ONLY,2025-03-05,2025-03-11,113751930,{113751930},카카오 톡스토어,1,0,
G_0366,BORDO | 풋팩 1+1+1,PRICE_ONLY,2025-03-03,2025-03-12,99941659,{99941659},카카오 톡스토어,1,0,
G_0367,CERACLINIC | 앰플밤 150ml,PRICE_ONLY,2025-03-03,2025-03-12,329166316,{329166316},카카오 톡스토어,1,0,
G_0368,CHARCHAR | 녹두폼,PRICE_ONLY,2025-03-07,2025-03-11,1.06634E+12,{1066344976001},GS이숍,1,0,
G_0369, | ,PRICE_ONLY,2025-03-05,2025-03-10,nxdw0zdo,{nxdw0zdo},그립,1,0,
G_0370,FRAIJOUR | 쑥수분크림,Q_BASED,2025-03-17,2025-03-20,50703532001,{50703532001},GS이숍,1,1,
G_0371,PEDISON 바디 | 알로애&콜라겐,Q_BASED,2025-03-18,2025-03-20,23629567,{23629567},GS이숍,1,1,
G_0372,ROERANCE | 로에랑스바디미스트,Q_BASED,2025-03-10,2025-03-12,42782041,{42782041},홈앤쇼핑,1,1,
G_0373,ROERANCE | 로에랑스,Q_BASED,2025-03-11,2025-03-14,B619607455,{B619607455},옥션,1,1,
G_0374,FRAIJOUR | 프로크림,Q_BASED,2025-03-19,2025-03-24,321649448,{321649448},카카오 톡스토어,1,1,
G_0375,ROERANCE | 바디미스트,Q_BASED,2025-03-16,2025-03-18,832114998,{832114998},G마켓,1,1,
G_0376,ROERANCE | 로에랑스,Q_BASED,2025-03-24,2025-03-26,B619607455,{B619607455},옥션,1,1,
G_0377,CHARCHAR | 헤어세럼,PRICE_ONLY,2025-03-27,2025-03-31,36527089001,{36527089001},GS이숍,1,0,
G_0378,ROERANCE | 로에랑스바디미스트,Q_BASED,2025-03-30,2025-04-01,42782041,{42782041},홈앤쇼핑,1,1,
G_0379,MIMI 모먼트 | 딥퍼퓸,Q_BASED,2025-03-06,2025-03-10,nxdw0zdo,{nxdw0zdo},그립,1,1,
G_0380,MIMI 모먼트 | 핸드워시 ,Q_BASED,2025-03-06,2025-03-10,nxdw0zdo,{nxdw0zdo},그립,1,1,
G_0381,CHARCHAR | 녹두폼,Q_BASED,2025-04-09,2025-04-11,1.06634E+12,{1066344976001},GS이숍,1,1,
G_0382,ROERANCE | 로에랑스,Q_BASED,2025-04-15,2025-04-16,36368525,{36368525},GS이숍,1,1,
G_0383,PEDISON 바디 | 알로애 청결제(거품&액상),Q_BASED,2025-04-14,2025-04-17,23629567,{23629567},GS이숍,1,1,
G_0384,PEDISON 바디 | 한방 청결제(거품&액상),Q_BASED,2025-04-21,2025-04-23,18182254,{18182254},GS이숍,1,1,
G_0385,CERACLINIC | 루트토닉,Q_BASED,2025-04-11,2025-04-28,11677359591,{11677359591},스마트스토어,1,1,
G_0386,FRAIJOUR | 허니크림+토너,Q_BASED,2025-04-18,2025-04-30,9652949332,{9652949332},스마트스토어,1,1,
G_0387,ROERANCE | 로에랑스,Q_BASED,2025-04-20,2025-04-26,B619607455,{B619607455},옥션,1,1,
G_0388,ROERANCE | 바디미스트,Q_BASED,2025-04-22,2025-04-25,832114998,{832114998},G마켓,1,1,
G_0389,BATHPA | 바디스크럽,PRICE_ONLY,2025-04-24,2025-04-30,2397735259,{2397735259},G마켓,1,0,
G_0390,FRAIJOUR | 어성초수분크림,Q_BASED,2025-04-25,2025-04-28,1002564011,{1002564011},GS이숍,1,1,
G_0391,ROERANCE | 바디미스트,Q_BASED,2025-05-02,2025-05-04,832114998,{832114998},G마켓,1,1,
G_0392,PEDISON 바디 | 페디슨 청결제,Q_BASED,2025-04-25,2025-05-01,758297134,{758297134},스마트스토어,1,1,
G_0393,CERACLINIC | 헤어팩+퀀치,Q_BASED,2025-04-18,2025-04-30,10529001110,{10529001110},스마트스토어,1,1,
G_0394,CHARCHAR | 샤샤아르간헤어세럼,PRICE_ONLY,2025-05-09,2025-05-13,36527089,{36527089},GS이숍,1,0,
G_0395,ROERANCE | 로에랑스바디미스트,Q_BASED,2025-04-30,2025-05-01,42782041,{42782041},홈앤쇼핑,1,1,
G_0396,FRAIJOUR | 프로크림+토너,Q_BASED,2025-05-01,2025-05-15,9653412627,{9653412627},스마트스토어,1,1,
G_0397,BORDO | 풋스틱+풋팩,Q_BASED,2025-05-01,2025-05-15,9686325137,{9686325137},스마트스토어,1,1,
G_0398,FRAIJOUR | 쑥수분크림,Q_BASED,2025-05-01,2025-05-02,50703532,{50703532},GS이숍,1,1,
G_0399,CERACLINIC | 앰플샴푸+헤어팩,Q_BASED,2025-05-05,2025-05-19,10735792482,{10735792482},스마트스토어,1,1,
G_0400,PEDISON 바디 | 락토 청결제,Q_BASED,2025-05-12,2025-05-21,8912999917,{8912999917},스마트스토어,1,1,
G_0401,FRAIJOUR | 어성초크림,Q_BASED,2025-05-11,2025-05-13,1.00256E+12,{1002564011001},GS이숍,1,1,
G_0402,ROERANCE | 1+1 로에랑스,Q_BASED,2025-05-22,2025-06-05,2508195294,{2508195294},스마트스토어,1,1,
G_0403,CERACLINIC | 1+1 세라클리닉 헤어팩,Q_BASED,2025-05-22,2025-06-05,10537633564,{10537633564},스마트스토어,1,1,
G_0404,PEDISON 바디 | 1+1 소다클렌져,Q_BASED,2025-05-22,2025-06-05,5620994880,{5620994880},스마트스토어,1,1,
G_0405,CHARCHAR | 헤어세럼3+에센스1,Q_BASED,2025-05-20,2025-05-22,44541812,{44541812},홈앤쇼핑,1,1,
G_0406,PEDISON 바디 | 허니프로폴리스,Q_BASED,2025-05-28,2025-05-30,23629565,{23629565},GS이숍,1,1,
G_0407,ROERANCE | 로에랑스 바디미스트,Q_BASED,2025-06-04,2025-06-05,36368525,{36368525},GS이숍,1,1,
G_0408,CHARCHAR | 샤샤 녹두폼 ,Q_BASED,2025-06-06,2025-06-11,1066344976,{1066344976},GS이숍,1,1,
G_0409,ROERANCE | 로에랑스 바디미스트,Q_BASED,2025-06-10,2025-06-16,42782041,{42782041},홈앤쇼핑,1,1,
G_0410,MIMI 모먼트 | 1+1 딥퍼퓸,Q_BASED,2025-06-06,2025-06-21,334445895,{334445895},스마트스토어,1,1,
G_0411,CERACLINIC | 1+1 앰플밤,Q_BASED,2025-06-06,2025-06-21,10537696033,{10537696033},스마트스토어,1,1,
G_0412,PEDISON 바디 | 1+1 한방샴푸&컨디셔너,Q_BASED,2025-06-09,2025-06-24,2048288497,{2048288497},스마트스토어,1,1,
G_0413,CERACLINIC | 노워시 트리트먼트,Q_BASED,2025-06-09,2025-06-11,99116306,{99116306},GS이숍,1,1,
G_0414,PEDISON 바디 | 한방청결제,Q_BASED,2025-06-09,2025-06-12,18182254,{18182254},GS이숍,1,1,
G_0415,CHARCHAR | 쿨링 바디워시,PRICE_ONLY,2025-06-11,2025-06-13,1080359666,{1080359666},GS이숍,1,0,
G_0416,BATHPA | 바쓰솔트 1200G,PRICE_ONLY,2025-06-13,2025-06-19,36109919,{36109919},GS이숍,1,0,
G_0417,CERACLINIC | 노워시 트리트먼트,Q_BASED,2025-06-14,2025-06-19,39931077,{39931077},홈앤쇼핑,1,1,
G_0418,ROERANCE | 바디미스트,Q_BASED,2025-06-17,2025-06-19,832114998,{832114998},G마켓,2,1,
G_0419,CHARCHAR | 쿨링바디워시,PRICE_ONLY,2025-06-18,2025-06-23,524961999,{524961999},카카오 톡스토어,1,0,
G_0420,FRAIJOUR | 프레쥬 쑥 수분크림,Q_BASED,2025-06-18,2025-06-23,99942240,{99942240},카카오 톡스토어,1,1,
G_0421,CHARCHAR | 녹두폼,Q_BASED,2025-06-22,2025-06-24,1066344976,{1066344976},GS이숍,1,1,
G_0422,PEDISON 바디 | 한방 청결제,Q_BASED,2025-06-19,2025-06-23,18182254,{18182254},GS이숍,1,1,
G_0423,CHARCHAR | 샤샤 헤어세럼,Q_BASED,2025-06-23,2025-06-26,36527089,{36527089},GS이숍,3,1,
G_0424,MIMI 모먼트 | 핸드워시,Q_BASED,2025-06-26,2025-07-11,7889415087,{7889415087},스마트스토어,1,1,
G_0425,CERACLINIC | 헤어팩+트리트먼트,Q_BASED,2025-06-23,2025-07-08,10529001110,{10529001110},스마트스토어,1,1,
G_0426,PEDISON 바디 | 한방 자무 ,Q_BASED,2025-06-27,2025-06-30,1031632648,{1031632648},GS이숍,1,1,
G_0427,BORDO | 풋팩,Q_BASED,2025-06-26,2025-06-30,1501818790,{1501818790},G마켓,1,1,
G_0428,ROERANCE | 로에랑스,Q_BASED,2025-06-27,2025-06-30,B619607455,{B619607455},옥션,1,1,
G_0429,BATHPA | 바디스크럽,PRICE_ONLY,2025-06-24,2025-06-26,2397735259,{2397735259},G마켓,1,0,
G_0430,BATHPA | 바디스크럽,Q_BASED,2025-06-28,2025-06-30,42782040,{42782040},홈앤쇼핑,1,1,
G_0431,CHARCHAR | 쿨링샴푸,Q_BASED,2025-07-03,2025-07-06,96461761,{96461761},GS이숍,1,1,
G_0432,CERACLINIC | 헤어팩 600ml,PRICE_ONLY,2025-07-05,2025-07-07,1081628034,{1081628034},GS이숍,1,0,
G_0433,FRAIJOUR | 프레쥬 어성초 크림,Q_BASED,2025-07-06,2025-07-08,1002564011,{1002564011},GS이숍,1,1,
G_0434,BATHPA | 바디스크럽,PRICE_ONLY,2025-06-30,2025-07-06,2397735259,{2397735259},G마켓,1,0,
G_0435,CERACLINIC | 노워시 트리트먼트,Q_BASED,2025-07-06,2025-07-09,99116306,{99116306},GS이숍,1,1,
G_0436,ROERANCE | 바디미스트,Q_BASED,2025-07-03,2025-07-07,42782041,{42782041},홈앤쇼핑,1,1,
G_0437,ROERANCE | 로에랑스,Q_BASED,2025-07-06,2025-07-08,36368525,{36368525},GS이숍,1,1,
G_0438,CHARCHAR | 아르간 헤어세럼,PRICE_ONLY,2025-07-07,2025-07-10,36527089,{36527089},GS이숍,1,0,
G_0439,PEDISON 바디 | 여성 청결제,Q_BASED,2025-07-03,2025-07-10,483648529,{483648529},G마켓,1,1,
G_0440,ROERANCE | 로에랑스,Q_BASED,2025-07-03,2025-07-06,832114998,{832114998},G마켓,1,1,
G_0441,PEDISON 바디 | 데오드,Q_BASED,2025-07-03,2025-07-10,1835943962,{1835943962},G마켓,1,1,
G_0442,FRAIJOUR | 프레쥬 어성초 토너,Q_BASED,2025-07-11,2025-07-15,93409252,{93409252},GS이숍,1,1,
G_0443,CERACLINIC | 노워시 트리트먼트,PRICE_ONLY,2025-07-13,2025-07-16,99116306,{99116306},GS이숍,1,0,
G_0444,ROERANCE | 로에랑스,Q_BASED,2025-07-07,2025-07-09,832114998,{832114998},G마켓,1,1,
G_0445,ROERANCE | 로에랑스,Q_BASED,2025-07-09,2025-07-09,B619607455,{B619607455},옥션,1,1,
G_0446,BORDO | 풋팩,PRICE_ONLY,2025-07-13,2025-07-14,B307002308,{B307002308},옥션,1,0,
G_0447,ROERANCE | 로에랑스,Q_BASED,2025-07-15,2025-07-16,832114998,{832114998},G마켓,1,1,
G_0448,MIMI 퍼퓸 | 드레스퍼퓸,Q_BASED,2025-07-14,2025-07-29,251838096,{251838096},스마트스토어,1,1,
G_0449,CERACLINIC | 앰플오일,Q_BASED,2025-07-14,2025-07-29,10537698325,{10537698325},스마트스토어,1,1,
G_0450,CHARCHAR | 헤어세럼 ,PRICE_ONLY,2025-07-16,2025-07-18,36527089,{36527089},GS이숍,1,0,
G_0451,CERACLINIC | 앰플밤,Q_BASED,2025-07-18,2025-07-22,1047273130,{1047273130},GS이숍,1,1,
G_0452,CHARCHAR | 녹두폼,Q_BASED,2025-07-18,2025-07-21,1066344976,{1066344976},GS이숍,1,1,
G_0453,PEDISON 바디 | 페디슨,Q_BASED,2025-07-15,2025-07-22,483648529,{483648529},G마켓,1,1,
G_0454,MIMI 모먼트 | 미미로린스,Q_BASED,2025-07-15,2025-07-22,1621412261,{1621412261},G마켓,1,1,
G_0455,FRAIJOUR | 쑥토너,Q_BASED,2025-07-20,2025-07-22,21606783,{21606783},GS이숍,1,1,
G_0456,ROERANCE | 로에랑스,Q_BASED,2025-07-20,2025-07-21,36368525,{36368525},GS이숍,1,1,
G_0457,OTHERS | 까마 옴므,Q_BASED,2025-07-17,2025-07-22,4197652497,{4197652497},G마켓,1,1,
G_0458,BATHPA | 바디스크럽,PRICE_ONLY,2025-07-17,2025-07-22,2397735259,{2397735259},G마켓,1,0,
G_0459,ROERANCE | 로에랑스,Q_BASED,2025-07-24,2025-07-25,832114998,{832114998},G마켓,1,1,
G_0460,PEDISON 헤어 | 헤어세럼,Q_BASED,2025-07-28,2025-07-30,21283499,{21283499},GS이숍,1,1,
G_0461,CERACLINIC | 헤어팩 600ml,PRICE_ONLY,2025-08-01,2025-08-05,531878226,{531878226},카카오 톡스토어,1,0,
G_0462,BATHPA | 바디스크럽,Q_BASED,2025-07-28,2025-07-30,42782040,{42782040},홈앤쇼핑,1,1,
G_0463,PEDISON 바디 | 자무 청결제,Q_BASED,2025-07-31,2025-08-04,17632078,{17632078},GS이숍,1,1,
G_0464,MIMI 바디 | 핸드워시,Q_BASED,2025-08-02,2025-08-04,37803138,{37803138},GS이숍,1,1,
G_0465,FRAIJOUR | 쑥크림,Q_BASED,2025-08-05,2025-08-07,50703532,{50703532},GS이숍,1,1,
G_0466,ROERANCE | 로에랑스,Q_BASED,2025-07-30,2025-07-31,B619607455,{B619607455},옥션,1,1,
G_0467,BORDO | 풋팩,Q_BASED,2025-07-26,2025-07-29,26363283,{26363283},GS이숍,1,1,
G_0468,BATHPA | 바스파,PRICE_ONLY,2025-07-30,2025-07-31,1009799783,{1009799783},GS이숍,1,0,
G_0469,PEDISON 바디 | 데오드 바디워시,Q_BASED,2025-07-31,2025-08-01,26550330,{26550330},GS이숍,1,1,
G_0470,CERACLINIC | 헤어팩,Q_BASED,2025-07-31,2025-08-15,10537633565,{10537633565},스마트스토어,1,1,
G_0471,MIMI 모먼트 | 핸드워시,Q_BASED,2025-08-01,2025-08-16,4849030328,{4849030328},스마트스토어,1,1,
G_0472,ROERANCE | 로에랑스,Q_BASED,2025-08-04,2025-08-05,832114998,{832114998},G마켓,1,1,
G_0473,CERACLINIC | 헤어팩 600ml,PRICE_ONLY,2025-08-11,2025-08-12,1081628034,{1081628034},GS이숍,1,0,
G_0474,CHARCHAR | 쿨링 바디워시,PRICE_ONLY,2025-08-11,2025-08-12,1080359666,{1080359666},GS이숍,1,0,
G_0475,BATHPA | 바스파,Q_BASED,2025-08-03,2025-08-04,1035938051,{1035938051},GS이숍,1,1,
G_0476,BATHPA | 바디스크럽,Q_BASED,2025-08-06,2025-08-07,42782040,{42782040},홈앤쇼핑,1,1,
G_0477,ROERANCE | 로에랑스 바디미스트,Q_BASED,2025-08-07,2025-08-08,36368525,{36368525},GS이숍,1,1,
G_0478,CHARCHAR | 녹두폼,Q_BASED,2025-08-07,2025-08-08,1066344976,{1066344976},GS이숍,1,1,
G_0479,ROERANCE | 로에랑스,Q_BASED,2025-08-13,2025-08-14,B619607455,{B619607455},옥션,1,1,
G_0480,CHARCHAR | 쿨링바디워시,PRICE_ONLY,2025-08-15,2025-08-19,524961999,{524961999},카카오 톡스토어,1,0,
G_0481,CERACLINIC | 앰플샴푸,PRICE_ONLY,2025-08-18,2025-08-19,1061714750,{1061714750},GS이숍,1,0,
G_0482,CHARCHAR | 라이스 폼클렌징,Q_BASED,2025-08-17,2025-08-19,1091144375,{1091144375},GS이숍,1,1,
G_0483,CHARCHAR | 녹두 폼클렌징,Q_BASED,2025-08-19,2025-08-20,1066344976,{1066344976},GS이숍,1,1,
G_0484,ROSEMINE | 바디워시&로션,Q_BASED,2025-08-19,2025-08-20,17435418,{17435418},GS이숍,1,1,
G_0485,ROERANCE | 바디미스트,Q_BASED,2025-08-15,2025-08-18,36368525,{36368525},GS이숍,1,1,
G_0486,CERACLINIC | 앰플밤,Q_BASED,2025-08-14,2025-08-18,1047273130,{1047273130},GS이숍,1,1,
G_0487,BATHPA | 스크럽 바디워시,Q_BASED,2025-08-14,2025-08-18,1035938051,{1035938051},GS이숍,1,1,
G_0488,CERACLINIC | 세라클리닉 퀀치,Q_BASED,2025-08-14,2025-08-18,99116306,{99116306},GS이숍,1,1,
G_0489,PEDISON 바디 | 소다 여성 청결제,Q_BASED,2025-08-04,2025-08-18,5620994880,{5620994880},스마트스토어,1,1,
G_0490,BATHPA | 바디스크럽,Q_BASED,2025-08-09,2025-08-11,42782040,{42782040},홈앤쇼핑,1,1,
G_0491,ROERANCE | 로에랑스,Q_BASED,2025-08-17,2025-08-18,832114998,{832114998},G마켓,1,1,
G_0492,ROERANCE | 로에랑스,Q_BASED,2025-08-22,2025-08-23,B619607455,{B619607455},옥션,1,1,
G_0493,FRAIJOUR | 모이스춰 프로토너,Q_BASED,2025-08-20,2025-08-22,54741711,{54741711},GS이숍,1,1,
G_0494,CERACLINIC | 뿌리는 트리트먼트 200ml,Q_BASED,2025-08-23,2025-08-25,99116306001,{99116306001},GS이숍,1,1,
G_0495,FRAIJOUR | 자연약쑥 토너 500ml,Q_BASED,2025-08-22,2025-08-28,21606783,{21606783},GS이숍,1,1,
G_0496,BATHPA | 바디스크럽,Q_BASED,2025-08-18,2025-08-19,42782040,{42782040},홈앤쇼핑,1,1,
G_0497,BATHPA | 바디스크럽,Q_BASED,2025-08-25,2025-08-28,42782040,{42782040},홈앤쇼핑,1,1,
G_0498,PEDISON 바디 | 한방여성청결제,Q_BASED,2025-08-27,2025-08-29,18182254,{18182254},GS이숍,1,1,
G_0499,CHARCHAR | 헤어세럼 200ml,PRICE_ONLY,2025-09-06,2025-09-08,36527089,{36527089},GS이숍,1,0,
G_0500,CERACLINIC | 헤어팩 600ml,PRICE_ONLY,2025-09-08,2025-09-10,1081628034,{1081628034},GS이숍,1,0,
G_0501,FRAIJOUR | 자연약쑥 토너 500ml,Q_BASED,2025-09-03,2025-09-04,21606783,{21606783},GS이숍,1,1,
G_0502,CHARCHAR | 라이스 폼,Q_BASED,2025-09-08,2025-09-10,1091144375,{1091144375},GS이숍,1,1,
G_0503,BATHPA | 바디스크럽,Q_BASED,2025-08-27,2025-08-28,2397735259,{2397735259},G마켓,1,1,
G_0504,BATHPA | 바디스크럽,Q_BASED,2025-08-31,2025-09-01,42782040,{42782040},홈앤쇼핑,1,1,
G_0505,ROSEMINE | 스팀소프트,Q_BASED,2025-09-21,2025-09-22,1059355721,{1059355721},GS이숍,5,1,
G_0506,ROSEMINE | 로즈마인 워시&로션,PRICE_ONLY,2025-09-04,2025-09-05,17173279,{17173279},GS이숍,1,0,
G_0507,ROERANCE | 로에랑스 바디미스트,Q_BASED,2025-09-04,2025-09-05,36368525,{36368525},GS이숍,1,1,
G_0508,PEDISON 바디 | 한방 청결제,Q_BASED,2025-09-05,2025-09-08,18182254,{18182254},GS이숍,1,1,
G_0509,CHARCHAR | 녹두 폼클렌징,Q_BASED,2025-09-05,2025-09-08,1066344976,{1066344976},GS이숍,1,1,
G_0510,BATHPA | 바디스크럽,Q_BASED,2025-09-09,2025-09-10,42782040,{42782040},홈앤쇼핑,1,1,
G_0511,PEDISON 헤어 | 헤어 실크미스트,Q_BASED,2025-09-12,2025-09-15,24115217,{24115217},GS이숍,1,1,
G_0512,CERACLINIC | 앰플 오일,PRICE_ONLY,2025-09-13,2025-09-15,1047352521,{1047352521},GS이숍,1,0,
G_0513,ROSEMINE | 스팀소프트,Q_BASED,2025-09-13,2025-10-01,1059355721,{1059355721},GS이숍,5,1,
G_0514,ROSEMINE | 아로마 리 고요,PRICE_ONLY,2025-09-13,2025-10-01,1073422186,{1073422186},GS이숍,1,0,
G_0515,ROERANCE | 로에랑스 바디미스트,Q_BASED,2025-09-14,2025-09-15,36368525,{36368525},GS이숍,1,1,
G_0516,PEDISON 바디 | 밸런스 청결제,Q_BASED,2025-09-21,2025-09-23,17632079,{17632079},GS이숍,1,1,
G_0517,ROERANCE | 로에랑스 바디미스트,Q_BASED,2025-09-21,2025-09-23,36368525,{36368525},GS이숍,1,1,
G_0518,ROSEMINE | 스팀소프트,Q_BASED,2025-09-24,2025-09-25,38745287,{38745287},홈앤쇼핑,5,1,
G_0519,ROERANCE | 로에랑스,Q_BASED,2025-09-12,2025-09-15,B619607455,{B619607455},옥션,1,1,
G_0520,ROERANCE | 로에랑스,Q_BASED,2025-09-14,2025-09-15,832114998,{832114998},G마켓,1,1,
G_0521,CERACLINIC | 컬링크림,Q_BASED,2025-09-28,2025-09-29,1057889457,{1057889457},GS이숍,1,1,
G_0522,BATHPA | 스크럽 바디워시,Q_BASED,2025-09-29,2025-09-30,42782040,{42782040},홈앤쇼핑,1,1,
G_0523,ROERANCE | 바디미스트,Q_BASED,2025-09-29,2025-09-30,42782041,{42782041},홈앤쇼핑,1,1,
G_0524,BATHPA | 바쓰솔트 1200g,Q_BASED,2025-09-29,2025-09-30,47876992,{47876992},홈앤쇼핑,1,1,
G_0525,ROSEMINE | 로즈마인 스팀 소프트,Q_BASED,2025-09-29,2025-09-30,1059355721,{1059355721},GS이숍,5,1,
G_0526,ROSEMINE | 아로마리 고요,PRICE_ONLY,2025-09-29,2025-09-30,1073422186,{1073422186},GS이숍,1,0,
G_0527,CERACLINIC | 헤어팩 600ml,PRICE_ONLY,2025-10-09,2025-10-13,1061714750,{1061714750},GS이숍,1,0,
G_0528,CERACLINIC | 퀀치 200ml ,Q_BASED,2025-10-11,2025-10-14,99116306,{99116306},GS이숍,1,1,
G_0529,ROSEMINE | 핸드크림 60ml,PRICE_ONLY,2025-10-12,2025-10-14,1041513919,{1041513919},GS이숍,1,0,
G_0530,ROSEMINE | 로즈마인 스팀소프트,Q_BASED,2025-10-13,2025-10-15,1059355721,{1059355721},GS이숍,5,1,
G_0531,ROERANCE | 바디미스트 ,Q_BASED,2025-10-13,2025-10-15,36368525,{36368525},GS이숍,1,1,
G_0532,ROSEMINE | 키스바이 스텔라리,PRICE_ONLY,2025-10-17,2025-10-21,510417411,{510417411},카카오 톡스토어,1,0,
G_0533,CHARCHAR | 고농축 헤어세럼,PRICE_ONLY,2025-10-17,2025-10-21,97606574,{97606574},카카오 톡스토어,1,0,
G_0534,PEDISON 바디 | DO 소다 청결제,Q_BASED,2025-10-17,2025-10-21,100023251,{100023251},카카오 톡스토어,1,1,
G_0535,CHARCHAR | 녹두폼,Q_BASED,2025-10-03,2025-10-10,1066344976,{1066344976},GS이숍,1,1,
G_0536,ROERANCE | 로에랑스,Q_BASED,2025-10-08,2025-10-10,36368525,{36368525},GS이숍,1,1,
G_0537,PEDISON 헤어 | 헤어미스트,Q_BASED,2025-10-18,2025-10-21,24115217,{24115217},GS이숍,1,1,
G_0538,ROERANCE | 로에랑스,Q_BASED,2025-10-17,2025-10-21,36368525,{36368525},GS이숍,1,1,
G_0539,BATHPA | 스크럽 바디워시,Q_BASED,2025-10-13,2025-10-15,42782040,{42782040},홈앤쇼핑,1,1,
G_0540,ROERANCE | 바디미스트,Q_BASED,2025-10-13,2025-10-15,42782041,{42782041},홈앤쇼핑,1,1,
G_0541,BATHPA | 바쓰솔트 1200g,Q_BASED,2025-10-13,2025-10-15,47876992,{47876992},홈앤쇼핑,1,1,
G_0542,BATHPA | 스크럽 바디워시,Q_BASED,2025-10-17,2025-10-20,42782040,{42782040},홈앤쇼핑,1,1,
G_0543,CERACLINIC | 헤어팩 600ml,PRICE_ONLY,2025-10-20,2025-11-03,531878226,{531878226},카카오 톡스토어,1,0,
G_0544,BATHPA | 아로마틱 바디오일,PRICE_ONLY,2025-10-20,2025-11-03,328757753,{328757753},카카오 톡스토어,1,0,
G_0545,ROSEMINE | 핸드크림 60ml,PRICE_ONLY,2025-10-20,2025-11-03,113751930,{113751930},카카오 톡스토어,1,0,
G_0546,ROSEMINE | 바디워시&바디로션,Q_BASED,2025-10-20,2025-11-03,98494112,{98494112},카카오 톡스토어,1,1,
G_0547,BATHPA | 스크럽 바디워시,Q_BASED,2025-10-21,2025-10-22,42782040,{42782040},홈앤쇼핑,1,1,
G_0548,PEDISON 바디 | 여성 청결제,Q_BASED,2025-11-05,2025-11-10,99869714,{99869714},카카오 톡스토어,1,1,
G_0549,PEDISON 바디 | 여성 청결제 ,Q_BASED,2025-10-27,2025-11-04,483648529,{483648529},G마켓,1,1,
G_0550,MIMI 바디 | 핸드워시,Q_BASED,2025-10-27,2025-11-04,1621412261,{1621412261},G마켓,1,1,
G_0551,BATHPA | 바디스크럽,PRICE_ONLY,2025-10-27,2025-11-04,2397735259,{2397735259},G마켓,1,0,
G_0552,BATHPA | 바쓰솔트 1200g,PRICE_ONLY,2025-10-29,2025-11-12,3135939501,{3135939501},스마트스토어,1,0,
G_0553,MIMI 바디 | 핸드워시,Q_BASED,2025-10-29,2025-11-12,4849030328,{4849030328},스마트스토어,1,1,
G_0554,MIMI 퍼퓸 | 드레스미스트,Q_BASED,2025-10-29,2025-11-12,334445895,{334445895},스마트스토어,1,1,
G_0555,BATHPA | 스크럽바디워시,Q_BASED,2025-10-29,2025-11-12,9025168973,{9025168973},스마트스토어,1,1,
G_0556,ROSEMINE | 바디워시&로션,Q_BASED,2025-10-29,2025-11-12,4687999216,{4687999216},스마트스토어,1,1,
G_0557,PEDISON 바디 | 여성 청결제,Q_BASED,2025-10-29,2025-11-12,758297134,{758297134},스마트스토어,1,1,
G_0558,PEDISON 바디 | 유산균 여성 청결제,Q_BASED,2025-10-29,2025-11-12,8912999917,{8912999917},스마트스토어,1,1,
G_0559,PEDISON 바디 | 소다 청결제,Q_BASED,2025-10-29,2025-11-12,5620994880,{5620994880},스마트스토어,1,1,
G_0560,BATHPA | 스크럽 바디워시,Q_BASED,2025-10-23,2025-10-24,42782040,{42782040},홈앤쇼핑,1,1,
G_0561,ROERANCE | 바디미스트,Q_BASED,2025-10-29,2025-11-12,2508195294,{2508195294},스마트스토어,1,1,
G_0562,CHARCHAR | 라이스 폼 클렌징,Q_BASED,2025-11-05,2025-11-07,1091144375,{1091144375},GS이숍,1,1,
G_0563,CHARCHAR | 녹두 폼 클렌징,Q_BASED,2025-11-07,2025-11-10,1066344976,{1066344976},GS이숍,1,1,
G_0564,BATHPA | 스크럽 바디워시,Q_BASED,2025-11-04,2025-11-05,42782040,{42782040},홈앤쇼핑,1,1,
G_0565,CHARCHAR | 앰플오일,Q_BASED,2025-11-17,2025-11-18,1047352521,{1047352521},GS이숍,1,1,
G_0566,BATHPA | 스크럽 바디워시,Q_BASED,2025-11-06,2025-11-07,42782040,{42782040},홈앤쇼핑,1,1,
G_0567,CERACLINIC | 헤어팩 600ml,PRICE_ONLY,2025-11-07,2025-11-10,1081628034,{1081628034},GS이숍,1,0,
G_0568,VALMONA | 서리태 샴푸 트리트먼트,Q_BASED,2025-11-12,2025-11-18,1476659363,{1476659363},G마켓,1,1,
G_0569,ROERANCE | 바디미스트,Q_BASED,2025-11-12,2025-11-18,832114998,{832114998},G마켓,1,1,
G_0570,ROSEMINE | 키스바이 스텔라리,PRICE_ONLY,2025-11-17,2025-11-25,510417411,{510417411},카카오 톡스토어,1,0,
G_0571,BATHPA | 스크럽바디워시,PRICE_ONLY,2025-11-17,2025-11-25,392687145,{392687145},카카오 톡스토어,1,0,
G_0572,FRAIJOUR | 쑥토너,Q_BASED,2025-11-17,2025-11-25,98650419,{98650419},카카오 톡스토어,1,1,
G_0573,FRAIJOUR | 샴바드,Q_BASED,2025-11-17,2025-11-25,546414251,{546414251},카카오 톡스토어,1,1,
G_0574,FRAIJOUR | 프레쥬 쑥토너,Q_BASED,2025-11-15,2025-11-19,1416294630,{1416294630},G마켓,1,1,
G_0575,ROSEMINE | 바디워시&바디로션,Q_BASED,2025-11-15,2025-11-19,715862905,{715862905},G마켓,1,1,
G_0576,BATHPA | 스크럽 바디워시 ,PRICE_ONLY,2025-11-15,2025-11-19,2397735259,{2397735259},G마켓,1,0,
G_0577,ROSEMINE | 핸드크림,PRICE_ONLY,2025-11-19,2025-11-21,1041513919,{1041513919},GS이숍,1,0,
G_0578,CERACLINIC | 앰플밤,Q_BASED,2025-11-21,2025-11-24,1047273130,{1047273130},GS이숍,1,1,
G_0579,MIMI 바디 | 드레스미스트,Q_BASED,2025-11-25,2025-11-26,26615058,{26615058},GS이숍,1,1,
G_0580,CERACLINIC | 헤어팩 250ml,PRICE_ONLY,2025-11-17,2025-11-20,49065510,{49065510},홈앤쇼핑,1,0,
G_0581,ROERANCE | 바디미스트,Q_BASED,2025-11-19,2025-11-26,B619607455,{B619607455},옥션,1,1,
G_0582,BATHPA | 스크럽 바디워시 ,PRICE_ONLY,2025-11-21,2025-11-28,2397735259,{2397735259},G마켓,1,0,
G_0583,BATHPA | 바쓰쏠트 1200,Q_BASED,2025-11-21,2025-11-28,1402797709,{1402797709},G마켓,1,1,
G_0584,PEDISON 바디 | 여성 청결제 ,Q_BASED,2025-11-21,2025-11-28,483648529,{483648529},G마켓,1,1,
G_0585,ROSEMINE | 핸드크림,PRICE_ONLY,2025-12-01,2025-12-09,113751930,{113751930},카카오 톡스토어,1,0,
G_0586,CERACLINIC | 헤어팩 250ml,PRICE_ONLY,2025-12-01,2025-12-09,319371995,{319371995},카카오 톡스토어,1,0,
G_0587,CHARCHAR | 헤어세럼 200ml,PRICE_ONLY,2025-12-01,2025-12-09,97606574,{97606574},카카오 톡스토어,1,0,
G_0588,ROERANCE | 바디미스트 250ml,PRICE_ONLY,2025-12-08,2025-12-09,10578098,{10578098},공영홈쇼핑,1,0,
G_0589,BATHPA | 바디스크럽,Q_BASED,2025-12-08,2025-12-16,52680759,{52680759},카카오 톡스토어,1,1,
G_0590,CERACLINIC | 앰플밤,Q_BASED,2025-12-08,2025-12-16,329166316,{329166316},카카오 톡스토어,1,1,
G_0591,CHARCHAR | 라이스 폼클렌징,Q_BASED,2025-12-08,2025-12-16,586816358,{586816358},카카오 톡스토어,1,1,
G_0592,ROERANCE | 바디미스트 ,Q_BASED,2025-12-01,2025-12-02,42782041,{42782041},홈앤쇼핑,1,1,
G_0593,ROERANCE | 바디미스트,Q_BASED,2025-12-05,2025-12-08,42782041,{42782041},홈앤쇼핑,1,1,
G_0594,ROERANCE | 보습로션,Q_BASED,2025-12-24,2025-12-26,1100267588,{1100267588},GS이숍,1,1,
G_0595,ROERANCE | 바디미스트,PRICE_ONLY,2025-12-04,2025-12-11,832114998,{832114998},G마켓,1,0,
G_0596,PEDISON 바디 | 유산균 청결제,Q_BASED,2025-12-04,2025-12-11,3053567291,{3053567291},G마켓,1,1,
G_0597,CHARCHAR | 헤어세럼 200ml,PRICE_ONLY,2025-12-04,2025-12-11,1692731979,{1692731979},G마켓,1,0,
